1,0,ssd_tmp,stub_devnull,248,15.682,18.46,4247.46,17.1269,0.784532
1,1,ssd_tmp,stub_devnull,248,15.445,18.315,4208.26,16.9688,0.783223
1,2,ssd_tmp,stub_devnull,248,15.386,18.196,4179.59,16.8532,0.785769
1,3,ssd_tmp,stub_devnull,248,15.436,18.254,4190.12,16.8957,0.794247
1,4,ssd_tmp,stub_devnull,248,15.418,18.194,4181.53,16.861,0.789173
1,0,ssd_tmp,ssd_tmp,248,34.94,37.752,9025.36,36.3926,0.778814
1,1,ssd_tmp,ssd_tmp,248,35.588,38.259,9155.75,36.9183,0.779411
1,2,ssd_tmp,ssd_tmp,248,35.465,38.248,9153.95,36.9111,0.778517
1,3,ssd_tmp,ssd_tmp,248,35.295,38.182,9140.86,36.8583,0.770808
1,4,ssd_tmp,ssd_tmp,248,35.87,38.674,9255.87,37.3221,0.777021
1,0,ssd_tmp,lustre_01ost,248,52.047,54.912,13282.6,53.559,0.787778
1,1,ssd_tmp,lustre_01ost,248,52.256,55.161,13344.9,53.8102,0.779207
1,2,ssd_tmp,lustre_01ost,248,51.811,54.621,13219.4,53.304,0.77228
1,3,ssd_tmp,lustre_01ost,248,52.327,55.213,13358.3,53.864,0.780389
1,4,ssd_tmp,lustre_01ost,248,52.188,55.009,13318.9,53.7052,0.770465
1,0,ssd_tmp,lustre_16ost,248,62.886,65.647,15950.2,64.3155,0.761912
1,1,ssd_tmp,lustre_16ost,248,63.332,66.06,16054.8,64.7373,0.769379
1,2,ssd_tmp,lustre_16ost,248,61.693,64.468,15654.9,63.1246,0.781122
1,3,ssd_tmp,lustre_16ost,248,62.391,65.216,15839.7,63.8699,0.777143
1,4,ssd_tmp,lustre_16ost,248,61.951,64.806,15735.4,63.4494,0.776649
1,0,lustre_01ost,stub_devnull,248,15.708,18.582,4271.87,17.2253,0.797656
1,1,lustre_01ost,stub_devnull,248,15.463,18.235,4190.45,16.897,0.783667
1,2,lustre_01ost,stub_devnull,248,15.383,18.228,4188.06,16.8873,0.790368
1,3,lustre_01ost,stub_devnull,248,15.486,18.269,4193.28,16.9084,0.790036
1,4,lustre_01ost,stub_devnull,248,15.449,18.204,4186.66,16.8817,0.790484
1,0,lustre_01ost,ssd_tmp,248,35.24,37.976,9084.2,36.6298,0.776067
1,1,lustre_01ost,ssd_tmp,248,36.851,39.696,9502.24,38.3155,0.774512
1,2,lustre_01ost,ssd_tmp,248,35.831,38.574,9234.4,37.2355,0.772317
1,3,lustre_01ost,ssd_tmp,248,35.738,38.541,9227.49,37.2076,0.782395
1,4,lustre_01ost,ssd_tmp,248,35.847,38.636,9242.4,37.2677,0.788295
1,0,lustre_01ost,lustre_01ost,248,52.078,54.836,13265.9,53.4917,0.785361
1,1,lustre_01ost,lustre_01ost,248,51.591,54.416,13162.9,53.0761,0.769923
1,2,lustre_01ost,lustre_01ost,248,51.877,54.632,13217.4,53.296,0.786518
1,3,lustre_01ost,lustre_01ost,248,51.932,54.816,13258.8,53.4628,0.780801
1,4,lustre_01ost,lustre_01ost,248,52.191,55.034,13318.3,53.7028,0.775609
1,0,lustre_01ost,lustre_16ost,248,62.697,65.576,15931.7,64.2406,0.775715
1,1,lustre_01ost,lustre_16ost,248,62.518,65.166,15829.7,63.8294,0.75688
1,2,lustre_01ost,lustre_16ost,248,63.03,65.792,15988.2,64.4684,0.765627
1,3,lustre_01ost,lustre_16ost,248,63.024,65.823,15989.6,64.4743,0.774696
1,4,lustre_01ost,lustre_16ost,248,62.93,65.802,15983.6,64.45,0.785409
1,0,lustre_16ost,stub_devnull,248,15.821,18.666,4291.16,17.3031,0.785296
1,1,lustre_16ost,stub_devnull,248,15.507,18.47,4240.3,17.098,0.786657
1,2,lustre_16ost,stub_devnull,248,15.514,18.511,4256.27,17.1624,0.777442
1,3,lustre_16ost,stub_devnull,248,15.512,18.42,4232.83,17.0679,0.779438
1,4,lustre_16ost,stub_devnull,248,15.523,18.47,4243.41,17.1105,0.794665
1,0,lustre_16ost,ssd_tmp,248,35.055,37.839,9035.97,36.4354,0.772299
1,1,lustre_16ost,ssd_tmp,248,37.089,39.846,9541.05,38.472,0.773565
1,2,lustre_16ost,ssd_tmp,248,35.487,38.238,9150.17,36.8958,0.770362
1,3,lustre_16ost,ssd_tmp,248,35.622,38.316,9175.99,37,0.774361
1,4,lustre_16ost,ssd_tmp,248,35.412,38.318,9155.11,36.9158,0.777191
1,0,lustre_16ost,lustre_01ost,248,52.122,54.793,13261.5,53.4736,0.77587
1,1,lustre_16ost,lustre_01ost,248,52.543,55.354,13387.8,53.9829,0.7833
1,2,lustre_16ost,lustre_01ost,248,52.359,55.194,13358.7,53.8656,0.768796
1,3,lustre_16ost,lustre_01ost,248,52.158,54.895,13290.5,53.5908,0.769809
1,4,lustre_16ost,lustre_01ost,248,52.06,54.854,13264.3,53.4851,0.779437
1,0,lustre_16ost,lustre_16ost,248,63.104,65.997,16038.1,64.6697,0.777504
1,1,lustre_16ost,lustre_16ost,248,62.293,65.099,15803.1,63.7221,0.778588
1,2,lustre_16ost,lustre_16ost,248,62.477,65.262,15848.9,63.9067,0.778158
1,3,lustre_16ost,lustre_16ost,248,62.091,65.185,15825.7,63.8134,0.796622
1,4,lustre_16ost,lustre_16ost,248,62.448,65.285,15855.5,63.9335,0.766462
2,0,ssd_tmp,stub_devnull,248,14.918,17.68,4044.3,16.3077,0.777636
2,1,ssd_tmp,stub_devnull,248,14.919,17.649,4034.46,16.268,0.779648
2,2,ssd_tmp,stub_devnull,248,14.925,17.66,4042.4,16.3,0.778059
2,3,ssd_tmp,stub_devnull,248,14.923,17.635,4037.82,16.2815,0.772035
2,4,ssd_tmp,stub_devnull,248,14.874,17.64,4036.46,16.276,0.776589
2,0,ssd_tmp,ssd_tmp,248,37.538,40.307,9658.83,38.9469,0.778551
2,1,ssd_tmp,ssd_tmp,248,36.741,39.475,9454.99,38.125,0.783812
2,2,ssd_tmp,ssd_tmp,248,36.275,39.079,9354.42,37.7194,0.781877
2,3,ssd_tmp,ssd_tmp,248,36.265,39.076,9351.65,37.7083,0.789548
2,4,ssd_tmp,ssd_tmp,248,36.195,38.909,9314.23,37.5574,0.781466
2,0,ssd_tmp,lustre_01ost,248,55.181,57.955,14036.7,56.5995,0.763392
2,1,ssd_tmp,lustre_01ost,248,55.405,58.18,14090.4,56.8162,0.772158
2,2,ssd_tmp,lustre_01ost,248,55.106,57.885,14018.4,56.5257,0.783504
2,3,ssd_tmp,lustre_01ost,248,54.948,57.674,13971.3,56.3359,0.764539
2,4,ssd_tmp,lustre_01ost,248,54.924,57.668,13966,56.3145,0.78024
2,0,ssd_tmp,lustre_16ost,248,64.53,67.283,16347.8,65.9186,0.780045
2,1,ssd_tmp,lustre_16ost,248,64.937,67.743,16462.2,66.3798,0.793719
2,2,ssd_tmp,lustre_16ost,248,64.901,67.713,16455.6,66.3533,0.787132
2,3,ssd_tmp,lustre_16ost,248,64.978,67.734,16464.9,66.3906,0.764295
2,4,ssd_tmp,lustre_16ost,248,64.222,66.972,16273,65.6171,0.770558
2,0,lustre_01ost,stub_devnull,248,15.428,18.208,4173.86,16.8301,0.786772
2,1,lustre_01ost,stub_devnull,248,14.929,17.693,4048.01,16.3226,0.774463
2,2,lustre_01ost,stub_devnull,248,14.86,17.64,4034.47,16.268,0.77642
2,3,lustre_01ost,stub_devnull,248,14.935,17.64,4035.99,16.2741,0.775018
2,4,lustre_01ost,stub_devnull,248,14.84,17.646,4040,16.2903,0.79132
2,0,lustre_01ost,ssd_tmp,248,36.597,39.362,9426.61,38.0105,0.76837
2,1,lustre_01ost,ssd_tmp,248,36.49,39.2,9388.4,37.8565,0.770626
2,2,lustre_01ost,ssd_tmp,248,36.749,39.402,9438.05,38.0567,0.765854
2,3,lustre_01ost,ssd_tmp,248,36.519,39.209,9384.18,37.8394,0.762207
2,4,lustre_01ost,ssd_tmp,248,36.405,39.153,9369.44,37.78,0.777231
2,0,lustre_01ost,lustre_01ost,248,55.122,57.826,14005.6,56.4743,0.772983
2,1,lustre_01ost,lustre_01ost,248,55.183,57.897,14020.5,56.5343,0.766777
2,2,lustre_01ost,lustre_01ost,248,54.815,57.638,13952.6,56.2604,0.783953
2,3,lustre_01ost,lustre_01ost,248,55.159,57.856,14011,56.4959,0.773013
2,4,lustre_01ost,lustre_01ost,248,55.634,58.408,14147.1,57.0449,0.771084
2,0,lustre_01ost,lustre_16ost,248,65.737,68.464,16643,67.1088,0.774963
2,1,lustre_01ost,lustre_16ost,248,65.105,67.803,16481.3,66.4567,0.764104
2,2,lustre_01ost,lustre_16ost,248,65.184,68.016,16531.4,66.6589,0.778895
2,3,lustre_01ost,lustre_16ost,248,64.916,67.615,16433.9,66.2657,0.77684
2,4,lustre_01ost,lustre_16ost,248,65.035,67.779,16472.2,66.4201,0.775203
2,0,lustre_16ost,stub_devnull,248,15.24,18.251,4184.32,16.8722,0.792734
2,1,lustre_16ost,stub_devnull,248,15.162,18.041,4127.81,16.6444,0.775702
2,2,lustre_16ost,stub_devnull,248,15.136,17.922,4103.06,16.5446,0.777944
2,3,lustre_16ost,stub_devnull,248,15.14,17.984,4113.05,16.5849,0.776654
2,4,lustre_16ost,stub_devnull,248,14.945,17.957,4107.79,16.5637,0.794879
2,0,lustre_16ost,ssd_tmp,248,36.84,39.656,9487.46,38.2559,0.778617
2,1,lustre_16ost,ssd_tmp,248,36.779,39.516,9462.28,38.1544,0.772661
2,2,lustre_16ost,ssd_tmp,248,36.391,39.196,9382.63,37.8332,0.764628
2,3,lustre_16ost,ssd_tmp,248,36.522,39.303,9412.78,37.9547,0.780001
2,4,lustre_16ost,ssd_tmp,248,36.541,39.293,9398.17,37.8958,0.763877
2,0,lustre_16ost,lustre_01ost,248,55.404,58.154,14088.2,56.8072,0.778903
2,1,lustre_16ost,lustre_01ost,248,55.122,57.892,14018,56.5242,0.75753
2,2,lustre_16ost,lustre_01ost,248,55.167,57.981,14040.1,56.6132,0.775302
2,3,lustre_16ost,lustre_01ost,248,55.9,58.593,14195.6,57.2403,0.763543
2,4,lustre_16ost,lustre_01ost,248,55.002,57.804,13996.5,56.4373,0.779889
2,0,lustre_16ost,lustre_16ost,248,65.151,67.932,16515.5,66.5947,0.769628
2,1,lustre_16ost,lustre_16ost,248,64.965,67.735,16462.5,66.3811,0.772307
2,2,lustre_16ost,lustre_16ost,248,64.864,67.613,16430.8,66.2533,0.768981
2,3,lustre_16ost,lustre_16ost,248,64.612,67.422,16384.8,66.0678,0.769984
2,4,lustre_16ost,lustre_16ost,248,65.151,67.887,16500.4,66.5339,0.766125
3,0,ssd_tmp,stub_devnull,248,14.829,17.604,4026.49,16.2358,0.778378
3,1,ssd_tmp,stub_devnull,248,14.858,17.576,4020.33,16.211,0.775294
3,2,ssd_tmp,stub_devnull,248,14.857,17.572,4026.24,16.2349,0.78692
3,3,ssd_tmp,stub_devnull,248,14.787,17.574,4023.83,16.2251,0.773398
3,4,ssd_tmp,stub_devnull,248,14.821,17.57,4018.97,16.2055,0.776911
3,0,ssd_tmp,ssd_tmp,248,36.38,39.182,9376.89,37.8101,0.786769
3,1,ssd_tmp,ssd_tmp,248,36.494,39.17,9376.69,37.8092,0.773383
3,2,ssd_tmp,ssd_tmp,248,36.123,38.932,9316.66,37.5672,0.768351
3,3,ssd_tmp,ssd_tmp,248,36.268,39.021,9336.49,37.6471,0.776723
3,4,ssd_tmp,ssd_tmp,248,36.215,38.989,9331.33,37.6263,0.762201
3,0,ssd_tmp,lustre_01ost,248,55.583,58.36,14135.6,56.9983,0.778286
3,1,ssd_tmp,lustre_01ost,248,55.119,57.844,14013.2,56.505,0.770472
3,2,ssd_tmp,lustre_01ost,248,54.734,57.53,13932,56.1775,0.770707
3,3,ssd_tmp,lustre_01ost,248,54.581,57.312,13874.9,55.9472,0.767677
3,4,ssd_tmp,lustre_01ost,248,54.867,57.623,13951.3,56.2554,0.774589
3,0,ssd_tmp,lustre_16ost,248,64.989,67.81,16481.1,66.4561,0.774236
3,1,ssd_tmp,lustre_16ost,248,64.741,67.556,16416.2,66.1945,0.769177
3,2,ssd_tmp,lustre_16ost,248,63.96,66.788,16224.6,65.4217,0.768282
3,3,ssd_tmp,lustre_16ost,248,64.521,67.307,16356.7,65.9546,0.781246
3,4,ssd_tmp,lustre_16ost,248,64.086,66.775,16223.4,65.4171,0.768794
3,0,lustre_01ost,stub_devnull,248,14.937,17.687,4051.67,16.3374,0.768674
3,1,lustre_01ost,stub_devnull,248,14.824,17.591,4024.6,16.2282,0.767567
3,2,lustre_01ost,stub_devnull,248,14.788,17.607,4025.56,16.2321,0.784369
3,3,lustre_01ost,stub_devnull,248,14.929,17.562,4022.29,16.2189,0.773497
3,4,lustre_01ost,stub_devnull,248,14.862,17.537,4017.3,16.1988,0.773708
3,0,lustre_01ost,ssd_tmp,248,36.479,39.155,9370.67,37.785,0.774381
3,1,lustre_01ost,ssd_tmp,248,36.755,39.512,9463.58,38.1596,0.770089
3,2,lustre_01ost,ssd_tmp,248,36.565,39.286,9406.67,37.9301,0.761307
3,3,lustre_01ost,ssd_tmp,248,36.219,38.989,9331.4,37.6266,0.776018
3,4,lustre_01ost,ssd_tmp,248,36.229,38.98,9329.51,37.619,0.780605
3,0,lustre_01ost,lustre_01ost,248,55.216,57.898,14024.1,56.5489,0.761363
3,1,lustre_01ost,lustre_01ost,248,54.787,57.547,13934.7,56.1882,0.773548
3,2,lustre_01ost,lustre_01ost,248,54.689,57.368,13889.6,56.0063,0.776622
3,3,lustre_01ost,lustre_01ost,248,54.982,57.754,13983.1,56.3835,0.772294
3,4,lustre_01ost,lustre_01ost,248,55.271,57.991,14046.5,56.6392,0.766329
3,0,lustre_01ost,lustre_16ost,248,65.478,68.219,16582.7,66.8657,0.765002
3,1,lustre_01ost,lustre_16ost,248,64.61,67.403,16379.7,66.0472,0.770079
3,2,lustre_01ost,lustre_16ost,248,64.61,67.377,16374.8,66.0272,0.774323
3,3,lustre_01ost,lustre_16ost,248,64.219,67.05,16290,65.6853,0.779243
3,4,lustre_01ost,lustre_16ost,248,64.246,67.036,16286.9,65.673,0.776287
3,0,lustre_16ost,stub_devnull,248,15.024,18.033,4124.53,16.6312,0.780421
3,1,lustre_16ost,stub_devnull,248,14.922,17.816,4069.62,16.4097,0.789339
3,2,lustre_16ost,stub_devnull,248,15.007,17.851,4079.17,16.4483,0.800218
3,3,lustre_16ost,stub_devnull,248,15.068,17.831,4076.71,16.4384,0.786411
3,4,lustre_16ost,stub_devnull,248,14.999,17.855,4081.27,16.4567,0.778011
3,0,lustre_16ost,ssd_tmp,248,36.703,39.542,9462.82,38.1565,0.780725
3,1,lustre_16ost,ssd_tmp,248,36.253,38.975,9326.99,37.6088,0.766224
3,2,lustre_16ost,ssd_tmp,248,36.395,39.187,9375.86,37.8059,0.772534
3,3,lustre_16ost,ssd_tmp,248,36.281,39.051,9353.12,37.7142,0.779535
3,4,lustre_16ost,ssd_tmp,248,36.166,38.935,9316.32,37.5658,0.770342
3,0,lustre_16ost,lustre_01ost,248,54.81,57.444,13907,56.0764,0.766874
3,1,lustre_16ost,lustre_01ost,248,54.477,57.143,13837.7,55.7974,0.770946
3,2,lustre_16ost,lustre_01ost,248,54.512,57.277,13866.1,55.9116,0.77113
3,3,lustre_16ost,lustre_01ost,248,55.077,57.839,14009.7,56.4907,0.773796
3,4,lustre_16ost,lustre_01ost,248,55.351,58.056,14060.9,56.6973,0.765767
3,0,lustre_16ost,lustre_16ost,248,64.91,67.652,16439,66.2862,0.779008
3,1,lustre_16ost,lustre_16ost,248,64.966,67.715,16459.5,66.3691,0.762616
3,2,lustre_16ost,lustre_16ost,248,64.047,66.765,16214.7,65.3818,0.776657
3,3,lustre_16ost,lustre_16ost,248,64.098,66.878,16246.2,65.5089,0.770865
3,4,lustre_16ost,lustre_16ost,248,65.059,67.749,16468.3,66.4043,0.754993
4,0,ssd_tmp,stub_devnull,248,14.92,17.706,4049.58,16.329,0.784164
4,1,ssd_tmp,stub_devnull,248,14.902,17.587,4028.83,16.2453,0.76807
4,2,ssd_tmp,stub_devnull,248,14.827,17.659,4037.07,16.2785,0.784891
4,3,ssd_tmp,stub_devnull,248,14.829,17.609,4027.48,16.2398,0.783999
4,4,ssd_tmp,stub_devnull,248,14.87,17.622,4031.81,16.2573,0.778066
4,0,ssd_tmp,ssd_tmp,248,36.58,39.294,9405.43,37.9251,0.776733
4,1,ssd_tmp,ssd_tmp,248,36.499,39.251,9396.03,37.8872,0.764574
4,2,ssd_tmp,ssd_tmp,248,36.415,39.217,9388.78,37.858,0.770451
4,3,ssd_tmp,ssd_tmp,248,36.313,39.017,9338.42,37.6549,0.780672
4,4,ssd_tmp,ssd_tmp,248,36.468,39.146,9371.45,37.7881,0.771292
4,0,ssd_tmp,lustre_01ost,248,54.986,57.739,13979.2,56.3676,0.779255
4,1,ssd_tmp,lustre_01ost,248,55.004,57.724,13977.3,56.3603,0.778968
4,2,ssd_tmp,lustre_01ost,248,55.169,57.929,14032.1,56.5811,0.774936
4,3,ssd_tmp,lustre_01ost,248,54.573,57.335,13880.7,55.9707,0.780426
4,4,ssd_tmp,lustre_01ost,248,54.453,57.225,13854.5,55.8651,0.767024
4,0,ssd_tmp,lustre_16ost,248,65.885,68.703,16699.2,67.3353,0.771252
4,1,ssd_tmp,lustre_16ost,248,65.498,68.301,16602.9,66.947,0.776457
4,2,ssd_tmp,lustre_16ost,248,65.947,68.721,16704.5,67.3567,0.762542
4,3,ssd_tmp,lustre_16ost,248,65.67,68.398,16625.8,67.0396,0.771137
4,4,ssd_tmp,lustre_16ost,248,65.79,68.512,16652.5,67.147,0.770365
4,0,lustre_01ost,stub_devnull,248,14.99,17.681,4048.93,16.3263,0.768249
4,1,lustre_01ost,stub_devnull,248,14.812,17.571,4012.01,16.1774,0.779568
4,2,lustre_01ost,stub_devnull,248,14.929,17.7,4051.17,16.3353,0.778731
4,3,lustre_01ost,stub_devnull,248,14.913,17.741,4054.23,16.3477,0.779184
4,4,lustre_01ost,stub_devnull,248,14.957,17.733,4056.16,16.3555,0.772183
4,0,lustre_01ost,ssd_tmp,248,36.523,39.309,9409.93,37.9433,0.768976
4,1,lustre_01ost,ssd_tmp,248,36.819,39.652,9492.23,38.2751,0.780924
4,2,lustre_01ost,ssd_tmp,248,36.387,39.063,9353.03,37.7138,0.771805
4,3,lustre_01ost,ssd_tmp,248,36.304,39.01,9341.32,37.6666,0.767079
4,4,lustre_01ost,ssd_tmp,248,36.514,39.286,9404.56,37.9216,0.766812
4,0,lustre_01ost,lustre_01ost,248,54.504,57.337,13879.4,55.9654,0.775728
4,1,lustre_01ost,lustre_01ost,248,55.189,57.96,14040.8,56.616,0.778463
4,2,lustre_01ost,lustre_01ost,248,55.047,57.835,14004.1,56.4681,0.774597
4,3,lustre_01ost,lustre_01ost,248,54.988,57.685,13966.6,56.3171,0.768847
4,4,lustre_01ost,lustre_01ost,248,54.911,57.659,13964.6,56.309,0.76689
4,0,lustre_01ost,lustre_16ost,248,65.316,68.115,16556.1,66.7586,0.771199
4,1,lustre_01ost,lustre_16ost,248,65.312,68.09,16547.9,66.7254,0.77771
4,2,lustre_01ost,lustre_16ost,248,65.913,68.714,16699.7,67.3375,0.78181
4,3,lustre_01ost,lustre_16ost,248,65.577,68.285,16600.9,66.9391,0.776316
4,4,lustre_01ost,lustre_16ost,248,65.539,68.262,16594,66.9113,0.766561
4,0,lustre_16ost,stub_devnull,248,15.06,17.975,4112.42,16.5823,0.784049
4,1,lustre_16ost,stub_devnull,248,14.973,17.882,4085.51,16.4738,0.783243
4,2,lustre_16ost,stub_devnull,248,15.209,18.025,4118.94,16.6086,0.789232
4,3,lustre_16ost,stub_devnull,248,14.964,17.855,4089.68,16.4906,0.777765
4,4,lustre_16ost,stub_devnull,248,14.959,17.909,4090.48,16.4939,0.781759
4,0,lustre_16ost,ssd_tmp,248,36.452,39.271,9393.37,37.8765,0.770959
4,1,lustre_16ost,ssd_tmp,248,36.72,39.471,9448.94,38.1006,0.774313
4,2,lustre_16ost,ssd_tmp,248,36.75,39.455,9445.97,38.0886,0.774066
4,3,lustre_16ost,ssd_tmp,248,36.367,39.089,9359.81,37.7412,0.766992
4,4,lustre_16ost,ssd_tmp,248,36.471,39.196,9378.81,37.8178,0.76663
4,0,lustre_16ost,lustre_01ost,248,54.964,57.674,13966,56.3147,0.774688
4,1,lustre_16ost,lustre_01ost,248,55.235,58.004,14048.1,56.6455,0.765466
4,2,lustre_16ost,lustre_01ost,248,54.569,57.334,13881.8,55.9748,0.774851
4,3,lustre_16ost,lustre_01ost,248,54.861,57.573,13946.5,56.236,0.771601
4,4,lustre_16ost,lustre_01ost,248,54.967,57.628,13961.3,56.2956,0.758497
4,0,lustre_16ost,lustre_16ost,248,66.324,69.127,16807,67.7702,0.774944
4,1,lustre_16ost,lustre_16ost,248,65.365,68.111,16552.6,66.7444,0.76251
4,2,lustre_16ost,lustre_16ost,248,65.688,68.356,16616.7,67.0029,0.767369
4,3,lustre_16ost,lustre_16ost,248,65.723,68.477,16645.6,67.1196,0.776235
4,4,lustre_16ost,lustre_16ost,248,65.167,67.9,16500.2,66.533,0.762939
5,0,ssd_tmp,stub_devnull,248,14.838,17.619,4025.53,16.232,0.782221
5,1,ssd_tmp,stub_devnull,248,14.868,17.606,4030.81,16.2533,0.774489
5,2,ssd_tmp,stub_devnull,248,14.876,17.617,4031.27,16.2551,0.78118
5,3,ssd_tmp,stub_devnull,248,14.895,17.569,4022.61,16.2202,0.774193
5,4,ssd_tmp,stub_devnull,248,14.885,17.608,4032.18,16.2588,0.767992
5,0,ssd_tmp,ssd_tmp,248,36.921,39.629,9492.58,38.2765,0.765815
5,1,ssd_tmp,ssd_tmp,248,36.437,39.223,9391.05,37.8672,0.781375
5,2,ssd_tmp,ssd_tmp,248,36.184,38.925,9314.92,37.5602,0.768148
5,3,ssd_tmp,ssd_tmp,248,36.488,39.177,9375.74,37.8054,0.776106
5,4,ssd_tmp,ssd_tmp,248,36.222,39.016,9340.31,37.6625,0.767343
5,0,ssd_tmp,lustre_01ost,248,54.811,57.605,13948.9,56.2456,0.7736
5,1,ssd_tmp,lustre_01ost,248,54.432,57.242,13863,55.8993,0.782721
5,2,ssd_tmp,lustre_01ost,248,54.417,57.247,13858.6,55.8816,0.769379
5,3,ssd_tmp,lustre_01ost,248,54.822,57.487,13919.7,56.1277,0.774133
5,4,ssd_tmp,lustre_01ost,248,54.197,56.978,13793.5,55.6189,0.773705
5,0,ssd_tmp,lustre_16ost,248,64.142,66.899,16251.5,65.5302,0.780294
5,1,ssd_tmp,lustre_16ost,248,64.465,67.313,16356.2,65.9524,0.770428
5,2,ssd_tmp,lustre_16ost,248,64.741,67.546,16414,66.1855,0.779221
5,3,ssd_tmp,lustre_16ost,248,64.113,66.841,16248,65.5163,0.770196
5,4,ssd_tmp,lustre_16ost,248,64.333,67.085,16300.2,65.7267,0.773483
5,0,lustre_01ost,stub_devnull,248,14.904,17.64,4036.04,16.2743,0.773427
5,1,lustre_01ost,stub_devnull,248,14.897,17.644,4038.42,16.2839,0.771114
5,2,lustre_01ost,stub_devnull,248,14.957,17.62,4031.02,16.2541,0.779312
5,3,lustre_01ost,stub_devnull,248,14.83,17.601,4030.05,16.2502,0.771143
5,4,lustre_01ost,stub_devnull,248,14.927,17.65,4040.68,16.2931,0.767694
5,0,lustre_01ost,ssd_tmp,248,36.616,39.352,9418.19,37.9766,0.767383
5,1,lustre_01ost,ssd_tmp,248,36.685,39.473,9450.22,38.1057,0.779269
5,2,lustre_01ost,ssd_tmp,248,36.501,39.246,9391.71,37.8698,0.771718
5,3,lustre_01ost,ssd_tmp,248,36.673,39.369,9423.99,38,0.771971
5,4,lustre_01ost,ssd_tmp,248,36.534,39.25,9395.49,37.885,0.777264
5,0,lustre_01ost,lustre_01ost,248,54.939,57.602,13950.6,56.2525,0.763101
5,1,lustre_01ost,lustre_01ost,248,54.031,56.801,13752.9,55.4553,0.774465
5,2,lustre_01ost,lustre_01ost,248,54.45,57.202,13853.3,55.8601,0.762219
5,3,lustre_01ost,lustre_01ost,248,54.358,57.094,13823.3,55.7391,0.772068
5,4,lustre_01ost,lustre_01ost,248,54.486,57.289,13867.7,55.9182,0.76809
5,0,lustre_01ost,lustre_16ost,248,63.855,66.645,16190.3,65.2833,0.764458
5,1,lustre_01ost,lustre_16ost,248,63.9,66.731,16211.2,65.3676,0.771302
5,2,lustre_01ost,lustre_16ost,248,64.162,66.838,16240.2,65.4849,0.77422
5,3,lustre_01ost,lustre_16ost,248,64.144,66.891,16254.7,65.5433,0.769646
5,4,lustre_01ost,lustre_16ost,248,63.955,66.759,16217.1,65.3917,0.770953
5,0,lustre_16ost,stub_devnull,248,15.294,18.059,4129.68,16.6519,0.779757
5,1,lustre_16ost,stub_devnull,248,14.899,17.811,4067.96,16.403,0.774723
5,2,lustre_16ost,stub_devnull,248,15.009,17.893,4084.47,16.4696,0.787223
5,3,lustre_16ost,stub_devnull,248,14.981,17.851,4084.14,16.4683,0.791052
5,4,lustre_16ost,stub_devnull,248,14.975,17.86,4078.3,16.4448,0.779672
5,0,lustre_16ost,ssd_tmp,248,36.365,39.058,9357.17,37.7305,0.775188
5,1,lustre_16ost,ssd_tmp,248,36.719,39.463,9446.19,38.0895,0.764646
5,2,lustre_16ost,ssd_tmp,248,36.382,39.146,9373.83,37.7977,0.776991
5,3,lustre_16ost,ssd_tmp,248,36.182,38.964,9323.32,37.594,0.769531
5,4,lustre_16ost,ssd_tmp,248,36.251,38.99,9332.22,37.6299,0.770136
5,0,lustre_16ost,lustre_01ost,248,54.472,57.307,13875.2,55.9484,0.773855
5,1,lustre_16ost,lustre_01ost,248,54.633,57.445,13910.8,56.0919,0.768412
5,2,lustre_16ost,lustre_01ost,248,54.474,57.208,13856.7,55.8737,0.772636
5,3,lustre_16ost,lustre_01ost,248,54.196,56.918,13778.3,55.5575,0.765455
5,4,lustre_16ost,lustre_01ost,248,54.796,57.534,13928.3,56.1625,0.774387
5,0,lustre_16ost,lustre_16ost,248,63.929,66.775,16219.1,65.3997,0.788068
5,1,lustre_16ost,lustre_16ost,248,64.199,66.97,16272.4,65.6143,0.776386
5,2,lustre_16ost,lustre_16ost,248,64.12,66.927,16259.2,65.5611,0.77232
5,3,lustre_16ost,lustre_16ost,248,63.792,66.533,16166.7,65.1883,0.755507
5,4,lustre_16ost,lustre_16ost,248,64.698,67.428,16382.1,66.0567,0.772625
6,0,ssd_tmp,stub_devnull,248,14.86,17.637,4032.45,16.2599,0.786801
6,1,ssd_tmp,stub_devnull,248,14.941,17.658,4043.78,16.3056,0.774129
6,2,ssd_tmp,stub_devnull,248,14.83,17.613,4029.17,16.2467,0.766893
6,3,ssd_tmp,stub_devnull,248,14.844,17.542,4013.05,16.1816,0.776741
6,4,ssd_tmp,stub_devnull,248,14.853,17.608,4029.02,16.246,0.784
6,0,ssd_tmp,ssd_tmp,248,35.643,38.479,9204.31,37.1142,0.767954
6,1,ssd_tmp,ssd_tmp,248,36.498,39.217,9393.9,37.8786,0.764433
6,2,ssd_tmp,ssd_tmp,248,36.72,39.475,9450.71,38.1077,0.776944
6,3,ssd_tmp,ssd_tmp,248,36.282,39.045,9344.66,37.6801,0.774454
6,4,ssd_tmp,ssd_tmp,248,36.489,39.248,9395,37.8831,0.77228
6,0,ssd_tmp,lustre_01ost,248,54.635,57.45,13910.6,56.0912,0.768661
6,1,ssd_tmp,lustre_01ost,248,54.465,57.227,13857.7,55.8779,0.764185
6,2,ssd_tmp,lustre_01ost,248,54.666,57.379,13891.9,56.0156,0.770446
6,3,ssd_tmp,lustre_01ost,248,54.921,57.672,13965.4,56.3122,0.768825
6,4,ssd_tmp,lustre_01ost,248,54.423,57.224,13854.3,55.8641,0.779439
6,0,ssd_tmp,lustre_16ost,248,64.901,67.641,16435.3,66.2715,0.77217
6,1,ssd_tmp,lustre_16ost,248,65.068,67.908,16507.6,66.5627,0.780762
6,2,ssd_tmp,lustre_16ost,248,64.609,67.398,16378,66.0401,0.774269
6,3,ssd_tmp,lustre_16ost,248,64.485,67.258,16346.6,65.9135,0.776146
6,4,ssd_tmp,lustre_16ost,248,64.586,67.286,16358.9,65.9633,0.767474
6,0,lustre_01ost,stub_devnull,248,14.863,17.648,4042.51,16.3004,0.77612
6,1,lustre_01ost,stub_devnull,248,14.791,17.61,4030.59,16.2524,0.782642
6,2,lustre_01ost,stub_devnull,248,14.782,17.605,4025.06,16.2301,0.774603
6,3,lustre_01ost,stub_devnull,248,14.834,17.598,4027.29,16.2391,0.772741
6,4,lustre_01ost,stub_devnull,248,14.901,17.661,4040.02,16.2904,0.789054
6,0,lustre_01ost,ssd_tmp,248,35.558,38.328,9166.09,36.96,0.771481
6,1,lustre_01ost,ssd_tmp,248,36.854,39.598,9485.18,38.2467,0.777776
6,2,lustre_01ost,ssd_tmp,248,37.149,39.796,9532.13,38.436,0.769053
6,3,lustre_01ost,ssd_tmp,248,36.809,39.521,9465.46,38.1672,0.768611
6,4,lustre_01ost,ssd_tmp,248,36.851,39.604,9484.88,38.2455,0.767407
6,0,lustre_01ost,lustre_01ost,248,54.548,57.321,13879.4,55.9654,0.76537
6,1,lustre_01ost,lustre_01ost,248,54.743,57.502,13922.8,56.1404,0.78412
6,2,lustre_01ost,lustre_01ost,248,54.063,56.847,13763.9,55.4994,0.772009
6,3,lustre_01ost,lustre_01ost,248,54.691,57.495,13922.5,56.139,0.782843
6,4,lustre_01ost,lustre_01ost,248,54.537,57.237,13865.1,55.9075,0.769429
6,0,lustre_01ost,lustre_16ost,248,64.929,67.734,16462,66.3788,0.772708
6,1,lustre_01ost,lustre_16ost,248,64.808,67.485,16405.2,66.1498,0.774138
6,2,lustre_01ost,lustre_16ost,248,65.16,67.939,16512.8,66.5837,0.783269
6,3,lustre_01ost,lustre_16ost,248,64.529,67.346,16367.5,65.9981,0.785049
6,4,lustre_01ost,lustre_16ost,248,64.569,67.344,16364.4,65.9855,0.771399
6,0,lustre_16ost,stub_devnull,248,15.037,17.932,4103.29,16.5455,0.78577
6,1,lustre_16ost,stub_devnull,248,14.954,17.881,4088.23,16.4848,0.78022
6,2,lustre_16ost,stub_devnull,248,14.854,17.85,4077.78,16.4427,0.780802
6,3,lustre_16ost,stub_devnull,248,15.061,17.865,4080.7,16.4545,0.787593
6,4,lustre_16ost,stub_devnull,248,15.017,17.859,4080.73,16.4546,0.785
6,0,lustre_16ost,ssd_tmp,248,35.396,38.254,9141.23,36.8598,0.770635
6,1,lustre_16ost,ssd_tmp,248,36.358,39.154,9369.15,37.7788,0.773993
6,2,lustre_16ost,ssd_tmp,248,36.59,39.393,9422.06,37.9922,0.773779
6,3,lustre_16ost,ssd_tmp,248,36.6,39.397,9431.54,38.0304,0.780327
6,4,lustre_16ost,ssd_tmp,248,36.612,39.433,9434.93,38.0441,0.781987
6,0,lustre_16ost,lustre_01ost,248,54.907,57.671,13970.2,56.3315,0.776033
6,1,lustre_16ost,lustre_01ost,248,54.959,57.77,13986.7,56.3981,0.782834
6,2,lustre_16ost,lustre_01ost,248,54.656,57.384,13901.6,56.0549,0.772559
6,3,lustre_16ost,lustre_01ost,248,54.789,57.5,13922.8,56.1402,0.767571
6,4,lustre_16ost,lustre_01ost,248,54.363,57.098,13825.2,55.7467,0.773634
6,0,lustre_16ost,lustre_16ost,248,65.087,67.806,16478.6,66.4461,0.784248
6,1,lustre_16ost,lustre_16ost,248,64.389,67.25,16339.6,65.8857,0.776206
6,2,lustre_16ost,lustre_16ost,248,64.911,67.694,16452.6,66.341,0.773889
6,3,lustre_16ost,lustre_16ost,248,64.669,67.504,16407.4,66.1589,0.769643
6,4,lustre_16ost,lustre_16ost,248,65.132,67.997,16520.3,66.6141,0.78564
7,0,ssd_tmp,stub_devnull,248,14.974,17.677,4051.87,16.3382,0.773615
7,1,ssd_tmp,stub_devnull,248,14.886,17.57,4025.89,16.2334,0.769924
7,2,ssd_tmp,stub_devnull,248,14.853,17.612,4029.2,16.2468,0.769681
7,3,ssd_tmp,stub_devnull,248,14.947,17.658,4040.45,16.2922,0.784148
7,4,ssd_tmp,stub_devnull,248,14.886,17.588,4024.49,16.2278,0.774371
7,0,ssd_tmp,ssd_tmp,248,36.673,39.378,9434.11,38.0408,0.772387
7,1,ssd_tmp,ssd_tmp,248,36.395,39.108,9361.27,37.747,0.777205
7,2,ssd_tmp,ssd_tmp,248,36.121,38.865,9301.82,37.5073,0.766932
7,3,ssd_tmp,ssd_tmp,248,36.242,38.896,9309.26,37.5374,0.776145
7,4,ssd_tmp,ssd_tmp,248,36.354,39.049,9348,37.6936,0.776715
7,0,ssd_tmp,lustre_01ost,248,54.502,57.304,13876.2,55.9525,0.773046
7,1,ssd_tmp,lustre_01ost,248,54.226,56.889,13772,55.5324,0.766662
7,2,ssd_tmp,lustre_01ost,248,53.861,56.605,13701.2,55.2466,0.779197
7,3,ssd_tmp,lustre_01ost,248,54.08,56.878,13772.6,55.5348,0.770286
7,4,ssd_tmp,lustre_01ost,248,53.712,56.504,13675.7,55.1439,0.760869
7,0,ssd_tmp,lustre_16ost,248,65.73,68.419,16631.5,67.0625,0.767225
7,1,ssd_tmp,lustre_16ost,248,64.911,67.744,16467.7,66.402,0.780898
7,2,ssd_tmp,lustre_16ost,248,65.054,67.784,16476.5,66.4376,0.771455
7,3,ssd_tmp,lustre_16ost,248,64.816,67.598,16430.5,66.2521,0.776046
7,4,ssd_tmp,lustre_16ost,248,64.372,67.157,16323.1,65.8189,0.767548
7,0,lustre_01ost,stub_devnull,248,14.929,17.668,4045.84,16.3139,0.770569
7,1,lustre_01ost,stub_devnull,248,14.877,17.652,4040.32,16.2916,0.774326
7,2,lustre_01ost,stub_devnull,248,14.971,17.705,4051.63,16.3372,0.782836
7,3,lustre_01ost,stub_devnull,248,14.977,17.671,4048.49,16.3246,0.773475
7,4,lustre_01ost,stub_devnull,248,14.935,17.656,4048.23,16.3235,0.763772
7,0,lustre_01ost,ssd_tmp,248,36.376,39.082,9357.25,37.7308,0.764301
7,1,lustre_01ost,ssd_tmp,248,36.196,38.897,9313.54,37.5546,0.771598
7,2,lustre_01ost,ssd_tmp,248,36.473,39.216,9390.48,37.8648,0.770981
7,3,lustre_01ost,ssd_tmp,248,36.207,38.975,9326.45,37.6066,0.774389
7,4,lustre_01ost,ssd_tmp,248,36.29,39.065,9349.15,37.6982,0.779011
7,0,lustre_01ost,lustre_01ost,248,54.178,56.875,13769,55.5204,0.767202
7,1,lustre_01ost,lustre_01ost,248,54.634,57.295,13876.7,55.9543,0.758944
7,2,lustre_01ost,lustre_01ost,248,54.234,57.007,13805.8,55.6687,0.774318
7,3,lustre_01ost,lustre_01ost,248,54.293,56.956,13794,55.6212,0.759523
7,4,lustre_01ost,lustre_01ost,248,54.242,56.996,13799.7,55.6441,0.779419
7,0,lustre_01ost,lustre_16ost,248,64.163,67.089,16300.7,65.7288,0.769924
7,1,lustre_01ost,lustre_16ost,248,65.126,67.918,16506.3,66.5577,0.772888
7,2,lustre_01ost,lustre_16ost,248,64.776,67.505,16407.9,66.1609,0.772238
7,3,lustre_01ost,lustre_16ost,248,64.672,67.376,16368.9,66.0035,0.770424
7,4,lustre_01ost,lustre_16ost,248,64.799,67.402,16386.9,66.0762,0.775082
7,0,lustre_16ost,stub_devnull,248,15.267,18.023,4122.93,16.6247,0.774035
7,1,lustre_16ost,stub_devnull,248,15.046,17.931,4102.66,16.543,0.781409
7,2,lustre_16ost,stub_devnull,248,15.066,17.992,4114.25,16.5897,0.792281
7,3,lustre_16ost,stub_devnull,248,15.018,17.962,4107.8,16.5637,0.780573
7,4,lustre_16ost,stub_devnull,248,15.228,17.974,4115.44,16.5945,0.769527
7,0,lustre_16ost,ssd_tmp,248,36.946,39.601,9487.8,38.2573,0.749794
7,1,lustre_16ost,ssd_tmp,248,36.309,39.014,9338.17,37.6539,0.770326
7,2,lustre_16ost,ssd_tmp,248,36.136,38.847,9294.68,37.4786,0.769449
7,3,lustre_16ost,ssd_tmp,248,36.268,39.02,9339.65,37.6599,0.774631
7,4,lustre_16ost,ssd_tmp,248,36.35,39.093,9363.5,37.7561,0.763485
7,0,lustre_16ost,lustre_01ost,248,54.019,56.729,13732.4,55.3725,0.768213
7,1,lustre_16ost,lustre_01ost,248,54.384,57.066,13814.5,55.7036,0.765079
7,2,lustre_16ost,lustre_01ost,248,53.962,56.702,13730,55.3628,0.766291
7,3,lustre_16ost,lustre_01ost,248,54.256,57.04,13808,55.6773,0.771816
7,4,lustre_16ost,lustre_01ost,248,54.091,56.844,13757,55.4719,0.779864
7,0,lustre_16ost,lustre_16ost,248,65.203,68.033,16537.3,66.6828,0.770364
7,1,lustre_16ost,lustre_16ost,248,65.253,67.985,16523.7,66.628,0.78178
7,2,lustre_16ost,lustre_16ost,248,64.115,66.96,16270.8,65.6081,0.779034
7,3,lustre_16ost,lustre_16ost,248,65.138,67.924,16511.3,66.5778,0.764637
7,4,lustre_16ost,lustre_16ost,248,64.331,67.09,16308,65.7581,0.756363
8,0,ssd_tmp,stub_devnull,248,15.02,17.744,4055.59,16.3532,0.776639
8,1,ssd_tmp,stub_devnull,248,14.936,17.697,4048.07,16.3229,0.770082
8,2,ssd_tmp,stub_devnull,248,14.848,17.635,4031.92,16.2577,0.776434
8,3,ssd_tmp,stub_devnull,248,14.874,17.666,4043.41,16.3041,0.772073
8,4,ssd_tmp,stub_devnull,248,14.836,17.656,4034.87,16.2696,0.790152
8,0,ssd_tmp,ssd_tmp,248,36.929,39.673,9504.04,38.3228,0.787907
8,1,ssd_tmp,ssd_tmp,248,36.267,38.919,9313.78,37.5556,0.759788
8,2,ssd_tmp,ssd_tmp,248,36.269,39.031,9341.28,37.6664,0.778685
8,3,ssd_tmp,ssd_tmp,248,36.15,38.94,9322.39,37.5903,0.772383
8,4,ssd_tmp,ssd_tmp,248,36.433,39.151,9372.38,37.7919,0.772752
8,0,ssd_tmp,lustre_01ost,248,54.595,57.312,13878.4,55.9611,0.769527
8,1,ssd_tmp,lustre_01ost,248,54.394,57.207,13850.4,55.8483,0.782481
8,2,ssd_tmp,lustre_01ost,248,54.505,57.262,13864.8,55.9064,0.773397
8,3,ssd_tmp,lustre_01ost,248,54.308,57.041,13808.3,55.6787,0.779507
8,4,ssd_tmp,lustre_01ost,248,54.655,57.438,13911.5,56.0949,0.776685
8,0,ssd_tmp,lustre_16ost,248,66.101,69.008,16769.2,67.6179,0.79128
8,1,ssd_tmp,lustre_16ost,248,66.608,69.479,16892.5,68.1147,0.78775
8,2,ssd_tmp,lustre_16ost,248,66.08,68.929,16754,67.5564,0.775266
8,3,ssd_tmp,lustre_16ost,248,65.418,68.221,16584.4,66.8727,0.774559
8,4,ssd_tmp,lustre_16ost,248,65.86,68.631,16686.5,67.2842,0.775427
8,0,lustre_01ost,stub_devnull,248,14.954,17.776,4071.42,16.417,0.788067
8,1,lustre_01ost,stub_devnull,248,15.025,17.732,4058.12,16.3634,0.773805
8,2,lustre_01ost,stub_devnull,248,14.9,17.676,4046.32,16.3158,0.776501
8,3,lustre_01ost,stub_devnull,248,14.979,17.706,4052.92,16.3424,0.765463
8,4,lustre_01ost,stub_devnull,248,15.051,17.78,4073.71,16.4263,0.774817
8,0,lustre_01ost,ssd_tmp,248,36.777,39.436,9440.23,38.0654,0.772065
8,1,lustre_01ost,ssd_tmp,248,36.908,39.679,9497.28,38.2955,0.76453
8,2,lustre_01ost,ssd_tmp,248,36.342,39.136,9365.38,37.7636,0.787215
8,3,lustre_01ost,ssd_tmp,248,36.611,39.359,9422.49,37.9939,0.772237
8,4,lustre_01ost,ssd_tmp,248,36.194,38.927,9313.72,37.5553,0.772077
8,0,lustre_01ost,lustre_01ost,248,54.302,57.045,13811.6,55.6921,0.779797
8,1,lustre_01ost,lustre_01ost,248,54.601,57.369,13888.6,56.0023,0.767262
8,2,lustre_01ost,lustre_01ost,248,54.134,56.934,13784.2,55.5816,0.774061
8,3,lustre_01ost,lustre_01ost,248,54.462,57.218,13850,55.8466,0.774792
8,4,lustre_01ost,lustre_01ost,248,54.352,57.083,13818.2,55.7185,0.773199
8,0,lustre_01ost,lustre_16ost,248,66.209,69.057,16787.6,67.6919,0.77104
8,1,lustre_01ost,lustre_16ost,248,65.884,68.74,16710.4,67.3807,0.772962
8,2,lustre_01ost,lustre_16ost,248,65.851,68.568,16671,67.2219,0.777305
8,3,lustre_01ost,lustre_16ost,248,66.125,68.872,16746.9,67.5279,0.762161
8,4,lustre_01ost,lustre_16ost,248,65.854,68.618,16681.8,67.2652,0.767411
8,0,lustre_16ost,stub_devnull,248,15.081,18.041,4122.14,16.6215,0.785372
8,1,lustre_16ost,stub_devnull,248,15.18,17.951,4105.26,16.5535,0.77699
8,2,lustre_16ost,stub_devnull,248,14.976,17.902,4091.09,16.4963,0.791588
8,3,lustre_16ost,stub_devnull,248,15.224,17.993,4112.62,16.5832,0.786813
8,4,lustre_16ost,stub_devnull,248,15.012,17.829,4088.36,16.4853,0.757598
8,0,lustre_16ost,ssd_tmp,248,36.81,39.609,9485.02,38.2461,0.777185
8,1,lustre_16ost,ssd_tmp,248,36.505,39.328,9413.42,37.9574,0.76684
8,2,lustre_16ost,ssd_tmp,248,36.351,39.063,9352.48,37.7116,0.777697
8,3,lustre_16ost,ssd_tmp,248,36.225,38.957,9323.93,37.5965,0.779149
8,4,lustre_16ost,ssd_tmp,248,36.22,38.979,9328.53,37.615,0.768152
8,0,lustre_16ost,lustre_01ost,248,54.945,57.737,13980,56.371,0.786021
8,1,lustre_16ost,lustre_01ost,248,54.539,57.347,13879,55.9638,0.781758
8,2,lustre_16ost,lustre_01ost,248,54.214,56.983,13799.9,55.6449,0.773925
8,3,lustre_16ost,lustre_01ost,248,54.672,57.381,13890.9,56.0118,0.781555
8,4,lustre_16ost,lustre_01ost,248,54.911,57.642,13962.5,56.3003,0.755708
8,0,lustre_16ost,lustre_16ost,248,65.302,67.994,16527.7,66.6438,0.78133
8,1,lustre_16ost,lustre_16ost,248,66.329,69.201,16819.9,67.8221,0.781772
8,2,lustre_16ost,lustre_16ost,248,65.87,68.717,16702.3,67.348,0.777108
8,3,lustre_16ost,lustre_16ost,248,64.957,67.775,16468.9,66.407,0.778427
8,4,lustre_16ost,lustre_16ost,248,66.087,68.873,16739.5,67.4979,0.769504
9,0,ssd_tmp,stub_devnull,248,14.874,17.655,4038.12,16.2827,0.782174
9,1,ssd_tmp,stub_devnull,248,14.939,17.607,4031.07,16.2543,0.774021
9,2,ssd_tmp,stub_devnull,248,14.879,17.631,4032.95,16.2619,0.787943
9,3,ssd_tmp,stub_devnull,248,14.827,17.592,4023.68,16.2245,0.768787
9,4,ssd_tmp,stub_devnull,248,14.766,17.538,4009.61,16.1678,0.763857
9,0,ssd_tmp,ssd_tmp,248,36.381,39.139,9364.14,37.7586,0.784016
9,1,ssd_tmp,ssd_tmp,248,36.731,39.454,9444.07,38.0809,0.781013
9,2,ssd_tmp,ssd_tmp,248,36.41,39.122,9365.92,37.7658,0.772208
9,3,ssd_tmp,ssd_tmp,248,36.263,38.961,9326.8,37.6081,0.759804
9,4,ssd_tmp,ssd_tmp,248,36.038,38.779,9278.6,37.4137,0.778321
9,0,ssd_tmp,lustre_01ost,248,54.303,57.028,13805.5,55.6674,0.760105
9,1,ssd_tmp,lustre_01ost,248,54.332,57.061,13813.1,55.6982,0.764384
9,2,ssd_tmp,lustre_01ost,248,54.319,57.097,13816.9,55.7134,0.77372
9,3,ssd_tmp,lustre_01ost,248,54.272,57,13803.2,55.6582,0.759709
9,4,ssd_tmp,lustre_01ost,248,54.574,57.399,13899.5,56.0465,0.782548
9,0,ssd_tmp,lustre_16ost,248,64.904,67.718,16454.3,66.3482,0.776656
9,1,ssd_tmp,lustre_16ost,248,63.639,66.442,16138.5,65.0745,0.773607
9,2,ssd_tmp,lustre_16ost,248,65.356,68.09,16550.3,66.735,0.773596
9,3,ssd_tmp,lustre_16ost,248,64.163,66.899,16253.8,65.5397,0.777583
9,4,ssd_tmp,lustre_16ost,248,64.541,67.348,16366.7,65.9948,0.763066
9,0,lustre_01ost,stub_devnull,248,14.888,17.695,4048.43,16.3243,0.786626
9,1,lustre_01ost,stub_devnull,248,14.876,17.609,4030.97,16.2539,0.770777
9,2,lustre_01ost,stub_devnull,248,14.98,17.664,4044.65,16.3091,0.779096
9,3,lustre_01ost,stub_devnull,248,14.846,17.62,4033.65,16.2647,0.782086
9,4,lustre_01ost,stub_devnull,248,14.86,17.612,4031.14,16.2546,0.770924
9,0,lustre_01ost,ssd_tmp,248,36.35,39.097,9360.19,37.7427,0.773575
9,1,lustre_01ost,ssd_tmp,248,36.352,39.155,9368.99,37.7782,0.779624
9,2,lustre_01ost,ssd_tmp,248,36.427,39.139,9369.91,37.7819,0.775487
9,3,lustre_01ost,ssd_tmp,248,36.231,39.045,9344.97,37.6813,0.77869
9,4,lustre_01ost,ssd_tmp,248,36.231,38.925,9313.88,37.556,0.773764
9,0,lustre_01ost,lustre_01ost,248,54.248,57.063,13812.6,55.6958,0.788328
9,1,lustre_01ost,lustre_01ost,248,54.154,56.93,13780.3,55.5657,0.78249
9,2,lustre_01ost,lustre_01ost,248,53.729,56.52,13677.9,55.1529,0.765148
9,3,lustre_01ost,lustre_01ost,248,53.844,56.623,13707.2,55.2708,0.769587
9,4,lustre_01ost,lustre_01ost,248,54.336,57.097,13822.9,55.7373,0.76924
9,0,lustre_01ost,lustre_16ost,248,64.544,67.295,16355.8,65.9507,0.767713
9,1,lustre_01ost,lustre_16ost,248,65.216,67.989,16527,66.6412,0.781805
9,2,lustre_01ost,lustre_16ost,248,64.24,66.996,16278.6,65.6397,0.784334
9,3,lustre_01ost,lustre_16ost,248,64.1,66.816,16237.4,65.4735,0.780945
9,4,lustre_01ost,lustre_16ost,248,65.316,68.023,16535.3,66.6745,0.762229
9,0,lustre_16ost,stub_devnull,248,15.095,18.003,4120.95,16.6167,0.801449
9,1,lustre_16ost,stub_devnull,248,14.868,17.879,4091.56,16.4982,0.787711
9,2,lustre_16ost,stub_devnull,248,15.163,17.937,4105.2,16.5532,0.778865
9,3,lustre_16ost,stub_devnull,248,15.012,17.903,4087.45,16.4816,0.795029
9,4,lustre_16ost,stub_devnull,248,14.97,17.906,4094.59,16.5104,0.792112
9,0,lustre_16ost,ssd_tmp,248,36.356,39.104,9365.9,37.7657,0.767298
9,1,lustre_16ost,ssd_tmp,248,36.779,39.517,9460.35,38.1466,0.762092
9,2,lustre_16ost,ssd_tmp,248,36.268,38.956,9328.09,37.6133,0.76764
9,3,lustre_16ost,ssd_tmp,248,36.337,39.093,9357.17,37.7305,0.773625
9,4,lustre_16ost,ssd_tmp,248,36.228,39.059,9343.61,37.6758,0.774629
9,0,lustre_16ost,lustre_01ost,248,54.332,57.144,13835.9,55.7901,0.777853
9,1,lustre_16ost,lustre_01ost,248,54.034,56.781,13746,55.4276,0.777165
9,2,lustre_16ost,lustre_01ost,248,54.465,57.211,13847.5,55.8365,0.781207
9,3,lustre_16ost,lustre_01ost,248,53.994,56.806,13748.5,55.4377,0.783759
9,4,lustre_16ost,lustre_01ost,248,54.157,56.932,13784.1,55.5812,0.765579
9,0,lustre_16ost,lustre_16ost,248,63.781,66.519,16160.9,65.1649,0.77478
9,1,lustre_16ost,lustre_16ost,248,64.205,66.948,16268.4,65.5986,0.774409
9,2,lustre_16ost,lustre_16ost,248,64.301,67.067,16297.4,65.7152,0.76607
9,3,lustre_16ost,lustre_16ost,248,63.788,66.658,16189.8,65.2814,0.774994
9,4,lustre_16ost,lustre_16ost,248,63.805,66.616,16183.2,65.2547,0.781853
10,0,ssd_tmp,stub_devnull,248,14.998,17.679,4049.74,16.3296,0.770958
10,1,ssd_tmp,stub_devnull,248,14.95,17.649,4041.39,16.2959,0.783352
10,2,ssd_tmp,stub_devnull,248,14.914,17.657,4040.79,16.2935,0.77212
10,3,ssd_tmp,stub_devnull,248,14.985,17.73,4059.73,16.3699,0.777147
10,4,ssd_tmp,stub_devnull,248,14.93,17.673,4047.3,16.3197,0.781768
10,0,ssd_tmp,ssd_tmp,248,36.78,39.607,9481.82,38.2331,0.793769
10,1,ssd_tmp,ssd_tmp,248,36.478,39.193,9379.94,37.8224,0.767272
10,2,ssd_tmp,ssd_tmp,248,36.315,39.053,9347.56,37.6918,0.782884
10,3,ssd_tmp,ssd_tmp,248,36.457,39.236,9390.02,37.863,0.782546
10,4,ssd_tmp,ssd_tmp,248,37.552,40.339,9666.94,38.9796,0.757346
10,0,ssd_tmp,lustre_01ost,248,54.848,57.558,13940.7,56.2125,0.761686
10,1,ssd_tmp,lustre_01ost,248,54.211,56.977,13794.8,55.6241,0.769761
10,2,ssd_tmp,lustre_01ost,248,54.537,57.276,13870.9,55.9309,0.768631
10,3,ssd_tmp,lustre_01ost,248,54.723,57.511,13929,56.1655,0.759196
10,4,ssd_tmp,lustre_01ost,248,54.659,57.345,13888.8,56.0034,0.77307
10,0,ssd_tmp,lustre_16ost,248,65.022,67.808,16483.6,66.4662,0.76649
10,1,ssd_tmp,lustre_16ost,248,65.055,67.824,16485.1,66.4722,0.774516
10,2,ssd_tmp,lustre_16ost,248,65.13,67.886,16499.5,66.5303,0.777023
10,3,ssd_tmp,lustre_16ost,248,65.699,68.459,16640.8,67.0999,0.761503
10,4,ssd_tmp,lustre_16ost,248,65.41,68.089,16548.4,66.7275,0.756289
10,0,lustre_01ost,stub_devnull,248,14.945,17.693,4047.53,16.3207,0.774236
10,1,lustre_01ost,stub_devnull,248,14.846,17.627,4034.94,16.2699,0.763505
10,2,lustre_01ost,stub_devnull,248,14.975,17.753,4063.08,16.3834,0.795829
10,3,lustre_01ost,stub_devnull,248,14.892,17.646,4036.51,16.2762,0.774747
10,4,lustre_01ost,stub_devnull,248,14.944,17.679,4044.55,16.3087,0.784225
10,0,lustre_01ost,ssd_tmp,248,36.51,39.309,9410.65,37.9462,0.771813
10,1,lustre_01ost,ssd_tmp,248,36.985,39.683,9498.6,38.3008,0.774277
10,2,lustre_01ost,ssd_tmp,248,36.256,39.073,9350.34,37.703,0.77855
10,3,lustre_01ost,ssd_tmp,248,36.738,39.387,9426.01,38.0081,0.768675
10,4,lustre_01ost,ssd_tmp,248,36.263,38.975,9324.33,37.5981,0.770754
10,0,lustre_01ost,lustre_01ost,248,54.357,57.16,13837,55.7945,0.7595
10,1,lustre_01ost,lustre_01ost,248,54.863,57.638,13952.5,56.2602,0.775626
10,2,lustre_01ost,lustre_01ost,248,54.456,57.231,13856.1,55.8713,0.770635
10,3,lustre_01ost,lustre_01ost,248,54.609,57.401,13896.3,56.0333,0.776854
10,4,lustre_01ost,lustre_01ost,248,54.541,57.277,13869.1,55.9238,0.771276
10,0,lustre_01ost,lustre_16ost,248,65.54,68.363,16615.1,66.9963,0.77601
10,1,lustre_01ost,lustre_16ost,248,64.826,67.575,16425.8,66.2331,0.771484
10,2,lustre_01ost,lustre_16ost,248,64.771,67.593,16431.1,66.2546,0.763984
10,3,lustre_01ost,lustre_16ost,248,64.984,67.771,16470.2,66.4122,0.783319
10,4,lustre_01ost,lustre_16ost,248,64.771,67.554,16418.7,66.2046,0.773584
10,0,lustre_16ost,stub_devnull,248,15.506,18.293,4185.02,16.8751,0.775623
10,1,lustre_16ost,stub_devnull,248,15.069,17.932,4102.55,16.5425,0.769741
10,2,lustre_16ost,stub_devnull,248,15.164,17.926,4106.73,16.5594,0.77436
10,3,lustre_16ost,stub_devnull,248,15.174,17.913,4099.46,16.5301,0.78452
10,4,lustre_16ost,stub_devnull,248,15.199,17.934,4103.1,16.5448,0.789109
10,0,lustre_16ost,ssd_tmp,248,36.902,39.57,9486.48,38.2519,0.757489
10,1,lustre_16ost,ssd_tmp,248,36.895,39.686,9498.34,38.2997,0.766892
10,2,lustre_16ost,ssd_tmp,248,36.554,39.322,9410.88,37.9471,0.771422
10,3,lustre_16ost,ssd_tmp,248,36.298,39.094,9356.87,37.7293,0.770391
10,4,lustre_16ost,ssd_tmp,248,36.394,39.157,9369.46,37.7801,0.77905
10,0,lustre_16ost,lustre_01ost,248,54.934,57.68,13963.8,56.3055,0.767184
10,1,lustre_16ost,lustre_01ost,248,54.461,57.281,13867.5,55.9174,0.762735
10,2,lustre_16ost,lustre_01ost,248,54.29,57.009,13805.2,55.666,0.775675
10,3,lustre_16ost,lustre_01ost,248,54.984,57.706,13974.6,56.3492,0.778815
10,4,lustre_16ost,lustre_01ost,248,54.228,57.004,13802,55.6532,0.778713
10,0,lustre_16ost,lustre_16ost,248,64.751,67.56,16424.8,66.2289,0.776114
10,1,lustre_16ost,lustre_16ost,248,64.853,67.554,16419.5,66.2076,0.772839
10,2,lustre_16ost,lustre_16ost,248,64.85,67.618,16431.5,66.2561,0.776686
10,3,lustre_16ost,lustre_16ost,248,65.045,67.843,16486.2,66.4767,0.767467
10,4,lustre_16ost,lustre_16ost,248,65.556,68.314,16603.7,66.9505,0.776533
